"Row22","Jacarezinho[LOCATION(NE)]",""
"Row44","nordestina[LOCATION(NE)]",""
"Row83","alegria[LOCATION(NE)]",""
"Row86","Fortaleza[LOCATION(NE)]",""
"Row101","Fortaleza[LOCATION(NE)]",""
"Row216","Saudades[LOCATION(NE)]",""
"Row217","Resplendor[LOCATION(NE)]",""
"Row238","casa nova[LOCATION(NE)]",""
"Row247","Serra Negra[LOCATION(NE)]",""
"Row274","Boa Viagem[LOCATION(NE)]",""
"Row306","Itaparica[LOCATION(NE)]",""
"Row310","Salvador[LOCATION(NE)]",""
"Row348","Boa Viagem[LOCATION(NE)]",""
"Row350","Salvador[LOCATION(NE)]",""
"Row361","Paulista[LOCATION(NE)]",""
"Row384","Campos Dos Goytacazes[LOCATION(NE)]",""
"Row531","Teresina[LOCATION(NE)]",""
"Row550","cachoeira[LOCATION(NE)]",""
"Row608","feliz[LOCATION(NE)]",""
"Row645","socorro[LOCATION(NE)]",""
"Row711","ubatuba[LOCATION(NE)]",""
"Row713","Ubatuba[LOCATION(NE)]",""
"Row774","Toledo[LOCATION(NE)]",""
"Row789","Manaus[LOCATION(NE)]",""
"Row820","luz[LOCATION(NE)]",""
"Row824","Manaus[LOCATION(NE)]",""
"Row897","Guaiba[LOCATION(NE)]",""
"Row916","Boa Viagem[LOCATION(NE)]",""
"Row939","Jundiai[LOCATION(NE)]",""
"Row970","Boa Viagem[LOCATION(NE)]",""
"Row1078","Princesa[LOCATION(NE)]",""
"Row1091","Cerro Largo[LOCATION(NE)]",""
"Row1231","Curitiba[LOCATION(NE)]",""
"Row1371","Congonhal[LOCATION(NE)]",""
"Row1402","Rondon[LOCATION(NE)]",""
"Row1434","Chapada[LOCATION(NE)]",""
"Row1467","Santa Maria[LOCATION(NE)]",""
"Row1743","Batalha[LOCATION(NE)]",""
"Row1746","Guararapes[LOCATION(NE)]",""
"Row1818","Porto[LOCATION(NE)]",""
"Row1886","Recife[LOCATION(NE)]",""
"Row1891","Boa Viagem[LOCATION(NE)]",""
"Row1921","Ananindeua[LOCATION(NE)]",""
"Row2004","feliz[LOCATION(NE)]",""
"Row2059","Atalaia[LOCATION(NE)]",""
"Row2071","Mendes[LOCATION(NE)]",""
"Row2182","Paulista[LOCATION(NE)]",""
"Row2212","Cunha[LOCATION(NE)]",""
"Row2213","Machado[LOCATION(NE)]",""
"Row2310","Feliz[LOCATION(NE)]",""
"Row2335","manaus[LOCATION(NE)]",""
"Row2514","Confins[LOCATION(NE)]",""
"Row2556","Curitiba[LOCATION(NE)]",""
"Row2568","Betim[LOCATION(NE)]",""
"Row2580","soledade[LOCATION(NE)]",""
"Row2681","Porto[LOCATION(NE)]",""
"Row2696","Porto Alegre[LOCATION(NE)]",""
"Row2742","Boa Viagem[LOCATION(NE)]",""
"Row2765","bonito[LOCATION(NE)]",""
"Row2775","campinas[LOCATION(NE)]",""
"Row2878","Suzano[LOCATION(NE)]",""
"Row2890","Vila Boa[LOCATION(NE)]",""
"Row2909","descanso[LOCATION(NE)]",""
"Row2944","Belo Horizonte[LOCATION(NE)]",""
"Row3092","Boa Viagem[LOCATION(NE)]",""
"Row3094","Recife[LOCATION(NE)]",""
"Row3107","Taquari[LOCATION(NE)]",""
"Row3221","Jardim[LOCATION(NE)]",""
"Row3233","Maua[LOCATION(NE)]",""
"Row3241","Barra[LOCATION(NE)]",""
"Row3242","Jacuipe[LOCATION(NE)]",""
"Row3279","Princesa[LOCATION(NE)]",""
"Row3316","Belo Horizonte[LOCATION(NE)]",""
"Row3358","Tiradentes[LOCATION(NE)]",""
"Row3376","Cambuci[LOCATION(NE)]",""
"Row3397","quadra[LOCATION(NE)]",""
"Row3427","Pontal[LOCATION(NE)]",""
"Row3490","Curitiba[LOCATION(NE)]",""
"Row3579","Santo Augusto[LOCATION(NE)]",""
"Row3581","Rio Grande[LOCATION(NE)]",""
"Row3700","Guarulhos[LOCATION(NE)]",""
"Row3747","recife[LOCATION(NE)]",""
"Row3837","Mulungu[LOCATION(NE)]",""
"Row3844","Serra[LOCATION(NE)]",""
"Row3872","saudades[LOCATION(NE)]",""
"Row3899","peixe[LOCATION(NE)]",""
"Row3915","Ipanema[LOCATION(NE)]",""
"Row3959","MESSIAS[LOCATION(NE)]",""
"Row4022","Vista Alegre[LOCATION(NE)]",""
"Row4059","Alegria[LOCATION(NE)]",""
"Row4082","Recife[LOCATION(NE)]",""
"Row4087","Boa Viagem[LOCATION(NE)]",""
"Row4099","Sapiranga[LOCATION(NE)]",""
"Row4130","curitiba[LOCATION(NE)]",""
"Row4133","Curitiba[LOCATION(NE)]",""
"Row4178","Bonfim[LOCATION(NE)]",""
"Row4179","Paulista[LOCATION(NE)]",""
"Row4234","Sorocaba[LOCATION(NE)]",""
"Row4245","Boa Viagem[LOCATION(NE)]",""
"Row4294","Curitiba[LOCATION(NE)]",""
"Row4302","pedra[LOCATION(NE)]",""
"Row4305","Pedra[LOCATION(NE)]",""
"Row4317","Blumenau[LOCATION(NE)]",""
"Row4367","Porto Alegre[LOCATION(NE)]",""
"Row4378","Barroso[LOCATION(NE)]",""
"Row4475","Santa Rosa[LOCATION(NE)]",""
"Row4617","Mari[LOCATION(NE)]",""
"Row4619","Lajeado[LOCATION(NE)]",""
"Row4621","Rio Grande[LOCATION(NE)]",""
"Row4648","Castro[LOCATION(NE)]",""
"Row4653","Bayeux[LOCATION(NE)]",""
"Row4744","Erechim[LOCATION(NE)]",""
"Row4749","Boituva[LOCATION(NE)]",""
"Row4754","Bonito[LOCATION(NE)]",""
"Row4781","Jardim[LOCATION(NE)]",""
"Row4782","Boa Viagem[LOCATION(NE)]",""
"Row4784","Recife[LOCATION(NE)]",""
"Row4809","Curitiba[LOCATION(NE)]",""
"Row4827","Santa Luzia[LOCATION(NE)]",""
"Row4930","Castro[LOCATION(NE)]",""
"Row4970","sorriso[LOCATION(NE)]",""
"Row4993","Saudades[LOCATION(NE)]",""
"Row5019","Feliz[LOCATION(NE)]",""
"Row5021","Lagoa[LOCATION(NE)]",""
"Row5158","Tiradentes[LOCATION(NE)]",""
"Row5165","fronteira[LOCATION(NE)]",""
"Row5179","Cachoeirinha[LOCATION(NE)]",""
"Row5218","Itajuba[LOCATION(NE)]",""
"Row5235","Porto Alegre[LOCATION(NE)]",""
"Row5237","Rio Grande[LOCATION(NE)]",""
"Row5252","Feliz[LOCATION(NE)]",""
"Row5294","Novo Hamburgo[LOCATION(NE)]",""
"Row5296","Rio Grande[LOCATION(NE)]",""
"Row5340","Porto Alegre[LOCATION(NE)]",""
"Row5353","Camocim[LOCATION(NE)]",""
"Row5386","Vinhedo[LOCATION(NE)]",""
"Row5435","Londrina[LOCATION(NE)]",""
"Row5502","Colina[LOCATION(NE)]",""
"Row5504","Laranjeiras[LOCATION(NE)]",""
"Row5584","Novo Hamburgo[LOCATION(NE)]",""
"Row5625","Serra Negra[LOCATION(NE)]",""
"Row5700","Jardim[LOCATION(NE)]",""
"Row5702","Barra[LOCATION(NE)]",""
"Row5747","Igrejinha[LOCATION(NE)]",""
"Row5856","CRUZEIRO[LOCATION(NE)]",""
"Row5968","Campinas[LOCATION(NE)]",""
"Row5971","Salvador[LOCATION(NE)]",""
"Row5986","Barra Funda[LOCATION(NE)]",""
"Row5988","Barra[LOCATION(NE)]",""
"Row6024","Areia[LOCATION(NE)]",""
"Row6026","Porto Alegre[LOCATION(NE)]",""
"Row6032","Feliz[LOCATION(NE)]",""
"Row6089","Serra Negra[LOCATION(NE)]",""
"Row6129","maravilha[LOCATION(NE)]",""
"Row6175","pinheiros[LOCATION(NE)]",""
"Row6188","Serra[LOCATION(NE)]",""
"Row6326","paraiso[LOCATION(NE)]",""
"Row6358","batalha[LOCATION(NE)]",""
"Row6414","Campina Grande[LOCATION(NE)]",""
"Row6433","Boituva[LOCATION(NE)]",""
"Row6441","colombia[LOCATION(NE)]",""
"Row6449","Porto[LOCATION(NE)]",""
"Row6478","Recife[LOCATION(NE)]",""
"Row6484","Patos[LOCATION(NE)]",""
"Row6525","Colina[LOCATION(NE)]",""
"Row6585","peixe[LOCATION(NE)]",""
"Row6633","maravilha[LOCATION(NE)]",""
"Row6680","combinado[LOCATION(NE)]",""
"Row6758","Picos[LOCATION(NE)]",""
"Row6764","natal[LOCATION(NE)]",""
"Row6773","Natal[LOCATION(NE)]",""
"Row6784","Caldas[LOCATION(NE)]",""
"Row6806","Belo Horizonte[LOCATION(NE)]",""
"Row6820","Paulista[LOCATION(NE)]",""
"Row6882","Rio Grande[LOCATION(NE)]",""
"Row6890","Ilhabela[LOCATION(NE)]",""
"Row6922","Paulista[LOCATION(NE)]",""
"Row6968","Boa Viagem[LOCATION(NE)]",""
"Row7018","Pracinha[LOCATION(NE)]",""
"Row7020","Flores[LOCATION(NE)]",""
"Row7028","Boa Viagem[LOCATION(NE)]",""
"Row7030","Salvador[LOCATION(NE)]",""
"Row7044","Contagem[LOCATION(NE)]",""
"Row7114","descanso[LOCATION(NE)]",""
"Row7119","Navegantes[LOCATION(NE)]",""
"Row7137","alegria[LOCATION(NE)]",""
"Row7142","Reserva[LOCATION(NE)]",""
"Row7172","barro[LOCATION(NE)]",""
"Row7179","feliz[LOCATION(NE)]",""
"Row7316","Bandeirantes[LOCATION(NE)]",""
"Row7375","Recife[LOCATION(NE)]",""
"Row7377","Guararapes[LOCATION(NE)]",""
"Row7388","Presidente Prudente[LOCATION(NE)]",""
"Row7461","Caxias[LOCATION(NE)]",""
"Row7513","Manaus[LOCATION(NE)]",""
"Row7556","Guarulhos[LOCATION(NE)]",""
"Row7567","maravilha[LOCATION(NE)]",""
"Row7602","Santos[LOCATION(NE)]",""
"Row7603","Dumont[LOCATION(NE)]",""
"Row7615","feliz[LOCATION(NE)]",""
"Row7712","Cachoeirinha[LOCATION(NE)]",""
"Row7714","Rio Grande[LOCATION(NE)]",""
"Row7726","Fazenda Nova[LOCATION(NE)]",""
"Row7741","Ipiranga[LOCATION(NE)]",""
"Row7790","Fortaleza[LOCATION(NE)]",""
"Row7826","Barueri[LOCATION(NE)]",""
"Row7881","Colina[LOCATION(NE)]",""
"Row7887","roteiro[LOCATION(NE)]",""
"Row8024","Pedro II[LOCATION(NE)]",""
"Row8048","Recife[LOCATION(NE)]",""
"Row8055","Cunha[LOCATION(NE)]",""
"Row8056","Machado[LOCATION(NE)]",""
"Row8119","Mariana[LOCATION(NE)]",""
"Row8168","Campinas[LOCATION(NE)]",""
"Row8291","Jardim[LOCATION(NE)]",""
"Row8295","Porto Alegre[LOCATION(NE)]",""
"Row8348","Palmares[LOCATION(NE)]",""
"Row8379","Londrina[LOCATION(NE)]",""
"Row8423","Recife[LOCATION(NE)]",""
"Row8448","Porto[LOCATION(NE)]",""
"Row8466","Curitiba[LOCATION(NE)]",""
"Row8483","Santos[LOCATION(NE)]",""
"Row8509","Lagoa[LOCATION(NE)]",""
"Row8561","Porto Alegre[LOCATION(NE)]",""
"Row8651","Saude[LOCATION(NE)]",""
"Row8743","Porto Alegre[LOCATION(NE)]",""
"Row8835","Itapecerica[LOCATION(NE)]",""
"Row8849","Santa Cruz[LOCATION(NE)]",""
"Row8864","Caxias[LOCATION(NE)]",""
"Row8868","valente[LOCATION(NE)]",""
"Row8928","saudades[LOCATION(NE)]",""
"Row9031","Piracicaba[LOCATION(NE)]",""
"Row9074","choro[LOCATION(NE)]",""
"Row9122","maravilhas[LOCATION(NE)]",""
"Row9187","alegria[LOCATION(NE)]",""
"Row9204","Fortaleza[LOCATION(NE)]",""
"Row9225","Lagoa[LOCATION(NE)]",""
"Row9257","Flores[LOCATION(NE)]",""
"Row9261","flores[LOCATION(NE)]",""
"Row9264","canela[LOCATION(NE)]",""
"Row9265","gramado[LOCATION(NE)]",""
"Row9279","Lins[LOCATION(NE)]",""
"Row9380","Rio Grande[LOCATION(NE)]",""
"Row9391","Fortaleza[LOCATION(NE)]",""
"Row9405","mata[LOCATION(NE)]",""
"Row9432","Fortaleza[LOCATION(NE)]",""
"Row9437","Boa viagem[LOCATION(NE)]",""
"Row9496","Salto[LOCATION(NE)]",""
"Row9579","Belford Roxo[LOCATION(NE)]",""
"Row9697","Joao Pessoa[LOCATION(NE)]",""
"Row9723","Guaramiranga[LOCATION(NE)]",""
"Row9743","Pelotas[LOCATION(NE)]",""
"Row9783","Florida[LOCATION(NE)]",""
"Row9827","Ouvidor[LOCATION(NE)]",""
"Row9829","Pardinho[LOCATION(NE)]",""
"Row9844","Santos[LOCATION(NE)]",""
"Row9845","Dumont[LOCATION(NE)]",""
"Row9887","Boa Viagem[LOCATION(NE)]",""
"Row9938","Campo Grande[LOCATION(NE)]",""
"Row10022","Porto Alegre[LOCATION(NE)]",""
"Row10036","Picos[LOCATION(NE)]",""
"Row10067","Caxambu[LOCATION(NE)]",""
"Row10087","Boa Viagem[LOCATION(NE)]",""
"Row10133","Liberdade[LOCATION(NE)]",""
"Row10154","Lins[LOCATION(NE)]",""
"Row10183","Chapada[LOCATION(NE)]",""
"Row10213","feliz[LOCATION(NE)]",""
"Row10223","Cardoso[LOCATION(NE)]",""
"Row10225","Farol[LOCATION(NE)]",""
"Row10241","Seropedica[LOCATION(NE)]",""
"Row10298","Barra[LOCATION(NE)]",""
"Row10311","Saudades[LOCATION(NE)]",""
"Row10331","Flores[LOCATION(NE)]",""
"Row10332","Suzano[LOCATION(NE)]",""
"Row10338","Perdizes[LOCATION(NE)]",""
"Row10346","descanso[LOCATION(NE)]",""
"Row10487","Manaus[LOCATION(NE)]",""
"Row10488","Iranduba[LOCATION(NE)]",""
"Row10518","montenegro[LOCATION(NE)]",""
"Row10521","Lages[LOCATION(NE)]",""
"Row10544","Barcelona[LOCATION(NE)]",""
"Row10649","quadra[LOCATION(NE)]",""
"Row10688","feliz[LOCATION(NE)]",""
"Row10696","Boa Viagem[LOCATION(NE)]",""
"Row10801","Belo Horizonte[LOCATION(NE)]",""
"Row10842","Conquista[LOCATION(NE)]",""
"Row10885","Porto Alegre[LOCATION(NE)]",""
"Row10887","Rio Grande[LOCATION(NE)]",""
"Row10944","descanso[LOCATION(NE)]",""
"Row10958","Belo Horizonte[LOCATION(NE)]",""
"Row11037","Ourinhos[LOCATION(NE)]",""
"Row11129","Santa Cruz[LOCATION(NE)]",""
"Row11244","barreiras[LOCATION(NE)]",""
"Row11285","Mineiros[LOCATION(NE)]",""
"Row11326","Cruzeiro[LOCATION(NE)]",""
"Row11376","Santos[LOCATION(NE)]",""
"Row11395","barra[LOCATION(NE)]",""
"Row11473","Recife[LOCATION(NE)]",""
"Row11663","Saudades[LOCATION(NE)]",""
"Row11724","Rio Claro[LOCATION(NE)]",""
"Row11729","princesa[LOCATION(NE)]",""
"Row11798","Boa Viagem[LOCATION(NE)]",""
"Row11834","Cascavel[LOCATION(NE)]",""
"Row11849","descanso[LOCATION(NE)]",""
"Row11876","Pindamonhangaba[LOCATION(NE)]",""
"Row11919","Bandeirantes[LOCATION(NE)]",""
"Row11959","Arraial Do Cabo[LOCATION(NE)]",""
"Row11976","natercia[LOCATION(NE)]",""
"Row12013","Palmas[LOCATION(NE)]",""
"Row12015","Tocantins[LOCATION(NE)]",""
"Row12025","Santana[LOCATION(NE)]",""
"Row12027","Porto Alegre[LOCATION(NE)]",""
"Row12070","Boa Viagem[LOCATION(NE)]",""
"Row12072","Salvador[LOCATION(NE)]",""
"Row12099","Barra[LOCATION(NE)]",""
"Row12156","curitiba[LOCATION(NE)]",""
"Row12158","Curitiba[LOCATION(NE)]",""
"Row12317","Belo Horizonte[LOCATION(NE)]",""
"Row12335","feliz[LOCATION(NE)]",""
"Row12435","Sales[LOCATION(NE)]",""
"Row12445","Guarulhos[LOCATION(NE)]",""
"Row12478","Boa Viagem[LOCATION(NE)]",""
"Row12500","navegantes[LOCATION(NE)]",""
"Row12553","Fortaleza[LOCATION(NE)]",""
"Row12572","Ipiranga[LOCATION(NE)]",""
"Row12616","uberlandia[LOCATION(NE)]",""
"Row12670","Carneiros[LOCATION(NE)]",""
"Row12681","Jardim[LOCATION(NE)]",""
"Row12682","Oriente[LOCATION(NE)]",""
"Row12790","saude[LOCATION(NE)]",""
"Row12811","feliz[LOCATION(NE)]",""
"Row12832","Campo Grande[LOCATION(NE)]",""
"Row12899","Caldas[LOCATION(NE)]",""
"Row12941","Santa Maria[LOCATION(NE)]",""
"Row12991","Fortaleza[LOCATION(NE)]",""
"Row13013","Serra[LOCATION(NE)]",""
"Row13049","Boa Viagem[LOCATION(NE)]",""
"Row13054","Recife[LOCATION(NE)]",""
"Row13076","laje[LOCATION(NE)]",""
"Row13132","Batalha[LOCATION(NE)]",""
"Row13135","Guararapes[LOCATION(NE)]",""
"Row13151","brasilia[LOCATION(NE)]",""
"Row13182","Porto[LOCATION(NE)]",""
"Row13185","Ribeira[LOCATION(NE)]",""
"Row13191","Descanso[LOCATION(NE)]",""
"Row13201","Londrina[LOCATION(NE)]",""
"Row13246","Silveiras[LOCATION(NE)]",""
"Row13264","Nilopolis[LOCATION(NE)]",""
"Row13303","Porto[LOCATION(NE)]",""
"Row13328","Cachoeira[LOCATION(NE)]",""
"Row13335","cachoeira[LOCATION(NE)]",""
"Row13338","Uirapuru[LOCATION(NE)]",""
"Row13340","Nova Lacerda[LOCATION(NE)]",""
"Row13349","Bastos[LOCATION(NE)]",""
"Row13365","Sorocaba[LOCATION(NE)]",""
"Row13436","alegria[LOCATION(NE)]",""
"Row13437","uniao[LOCATION(NE)]",""
"Row13473","Saudades[LOCATION(NE)]",""
"Row13474","Recife[LOCATION(NE)]",""
"Row13518","Flores[LOCATION(NE)]",""
"Row13555","Campestre[LOCATION(NE)]",""
"Row13618","Mato Grosso[LOCATION(NE)]",""
"Row13639","prainha[LOCATION(NE)]",""
"Row13642","Barra[LOCATION(NE)]",""
"Row13648","Caceres[LOCATION(NE)]",""
"Row13661","Mato Grosso[LOCATION(NE)]",""
"Row13676","Gramado[LOCATION(NE)]",""
"Row13678","POA[LOCATION(NE)]",""
"Row13706","Jardim[LOCATION(NE)]",""
"Row13734","Porto Alegre[LOCATION(NE)]",""
"Row13777","Boa Viagem[LOCATION(NE)]",""
"Row13779","Salvador[LOCATION(NE)]",""
"Row13808","Curitiba[LOCATION(NE)]",""
"Row13822","Serra[LOCATION(NE)]",""
"Row13871","Prainha[LOCATION(NE)]",""
"Row13876","Barra[LOCATION(NE)]",""
"Row13928","Quintana[LOCATION(NE)]",""
"Row14004","Tiradentes[LOCATION(NE)]",""
"Row14081","chacara[LOCATION(NE)]",""
"Row14096","Arraial[LOCATION(NE)]",""
"Row14158","Sorocaba[LOCATION(NE)]",""
"Row14257","Planaltina[LOCATION(NE)]",""
"Row14291","Capitolio[LOCATION(NE)]",""
"Row14311","CRUZEIRO[LOCATION(NE)]",""
"Row14336","Teresina[LOCATION(NE)]",""
"Row14398","Fortaleza[LOCATION(NE)]",""
"Row14438","Bandeira[LOCATION(NE)]",""
"Row14440","Recife[LOCATION(NE)]",""
"Row14442","Boa Viagem[LOCATION(NE)]",""
"Row14450","Recife[LOCATION(NE)]",""
"Row14455","Boa Viagem[LOCATION(NE)]",""
"Row14483","Cruz[LOCATION(NE)]",""
"Row14565","Pedro Canario[LOCATION(NE)]",""
"Row14608","Natal[LOCATION(NE)]",""
"Row14610","Rio Grande[LOCATION(NE)]",""
"Row14724","feliz[LOCATION(NE)]",""
"Row14737","barras[LOCATION(NE)]",""
"Row14754","Indaiatuba[LOCATION(NE)]",""
"Row14823","jardim[LOCATION(NE)]",""
"Row14826","Recife[LOCATION(NE)]",""
"Row14844","Catarina[LOCATION(NE)]",""
"Row14874","Mato Grosso[LOCATION(NE)]",""
"Row14898","Castelo[LOCATION(NE)]",""
"Row14967","Aparecida[LOCATION(NE)]",""
"Row14977","Castro[LOCATION(NE)]",""
"Row15025","Santa Cruz[LOCATION(NE)]",""
"Row15040","Boa Viagem[LOCATION(NE)]",""
"Row15042","Cachoeirinha[LOCATION(NE)]",""
"Row15044","Rio Grande[LOCATION(NE)]",""
"Row15084","alegria[LOCATION(NE)]",""
"Row15088","Serra[LOCATION(NE)]",""
"Row15107","Oliveira[LOCATION(NE)]",""
"Row15112","Dom Pedrito[LOCATION(NE)]",""
"Row15127","Limeira[LOCATION(NE)]",""
"Row15133","harmonia[LOCATION(NE)]",""
"Row15138","Bonito[LOCATION(NE)]",""
"Row15238","Feliz[LOCATION(NE)]",""
"Row15262","Mesquita[LOCATION(NE)]",""
"Row15322","Socorro[LOCATION(NE)]",""
"Row15361","Aparecida[LOCATION(NE)]",""
"Row15411","Porto[LOCATION(NE)]",""
"Row15435","Indaiatuba[LOCATION(NE)]",""
"Row15528","Soure[LOCATION(NE)]",""
"Row15552","Coqueiral[LOCATION(NE)]",""
"Row15553","Itaparica[LOCATION(NE)]",""
"Row15627","Boa Viagem[LOCATION(NE)]",""
"Row15668","Ananindeua[LOCATION(NE)]",""
"Row15713","SORRISO[LOCATION(NE)]",""
"Row15814","Jaciara[LOCATION(NE)]",""
"Row15908","Taquara[LOCATION(NE)]",""
"Row15918","Jales[LOCATION(NE)]",""
"Row15944","Ubatuba[LOCATION(NE)]",""
"Row15955","Piratininga[LOCATION(NE)]",""
"Row16006","teresina[LOCATION(NE)]",""
"Row16013","Porto[LOCATION(NE)]",""
"Row16029","Bauru[LOCATION(NE)]",""
"Row16072","pomerode[LOCATION(NE)]",""
"Row16122","Espinosa[LOCATION(NE)]",""
"Row16147","Campo Grande[LOCATION(NE)]",""
"Row16206","Canoas[LOCATION(NE)]",""
"Row16317","feliz[LOCATION(NE)]",""
"Row16340","recife[LOCATION(NE)]",""
"Row16354","Guarulhos[LOCATION(NE)]",""
"Row16392","Serra[LOCATION(NE)]",""
"Row16416","Boa Viagem[LOCATION(NE)]",""
"Row16509","Feliz[LOCATION(NE)]",""
"Row16528","Feliz[LOCATION(NE)]",""
"Row16602","Belo Horizonte[LOCATION(NE)]",""
"Row16625","Feliz[LOCATION(NE)]",""
"Row16689","Curitiba[LOCATION(NE)]",""
"Row16841","Fortaleza[LOCATION(NE)]",""
"Row16879","Lagoa[LOCATION(NE)]",""
"Row16897","Belo Horizonte[LOCATION(NE)]",""
"Row17020","Humaita[LOCATION(NE)]",""
"Row17092","Miranda[LOCATION(NE)]",""
"Row17098","Santana[LOCATION(NE)]",""
"Row17139","Fortaleza[LOCATION(NE)]",""
"Row17144","Castro[LOCATION(NE)]",""
"Row17175","ALVORADA[LOCATION(NE)]",""
"Row17180","Alvorada[LOCATION(NE)]",""
"Row17192","Curitiba[LOCATION(NE)]",""
"Row17214","alegria[LOCATION(NE)]",""
"Row17218","feliz[LOCATION(NE)]",""
"Row17258","Santos[LOCATION(NE)]",""
"Row17259","Dumont[LOCATION(NE)]",""
"Row17269","Lagoa[LOCATION(NE)]",""
"Row17281","Recife[LOCATION(NE)]",""
"Row17283","Guararapes[LOCATION(NE)]",""
"Row17316","Boa Viagem[LOCATION(NE)]",""
"Row17371","Agua Clara[LOCATION(NE)]",""
"Row17409","Rio Grande[LOCATION(NE)]",""
"Row17424","Grossos[LOCATION(NE)]",""
"Row17473","MESSIAS[LOCATION(NE)]",""
"Row17519","saude[LOCATION(NE)]",""
"Row17593","paraiso[LOCATION(NE)]",""
"Row17626","Anchieta[LOCATION(NE)]",""
"Row17718","Feliz[LOCATION(NE)]",""
"Row17845","Monte Alegre[LOCATION(NE)]",""
"Row17847","Rio Grande[LOCATION(NE)]",""
"Row17878","Congonhas[LOCATION(NE)]",""
"Row17916","Santa Teresa[LOCATION(NE)]",""
"Row17949","Bom Jardim[LOCATION(NE)]",""
"Row17961","Santo Andre[LOCATION(NE)]",""
"Row17991","feliz[LOCATION(NE)]",""
"Row18045","Barra[LOCATION(NE)]",""
"Row18080","BOA VIAGEM[LOCATION(NE)]",""
"Row18082","FELIZ[LOCATION(NE)]",""
"Row18089","Palmas[LOCATION(NE)]",""
"Row18204","Recife[LOCATION(NE)]",""
"Row18245","Cruz[LOCATION(NE)]",""
"Row18259","Tapes[LOCATION(NE)]",""
"Row18268","Porto Alegre[LOCATION(NE)]",""
"Row18270","Porto[LOCATION(NE)]",""
"Row18271","Alegre[LOCATION(NE)]",""
"Row18383","cachoeira[LOCATION(NE)]",""
"Row18424","alegria[LOCATION(NE)]",""
"Row18508","Londrina[LOCATION(NE)]",""
"Row18523","Atalaia[LOCATION(NE)]",""
"Row18571","Londrina[LOCATION(NE)]",""
"Row18610","Mirante[LOCATION(NE)]",""
"Row18611","Boa Viagem[LOCATION(NE)]",""
"Row18625","Imbituba[LOCATION(NE)]",""
"Row18657","Porto Alegre[LOCATION(NE)]",""
"Row18668","Salgado[LOCATION(NE)]",""
"Row18842","Belem[LOCATION(NE)]",""
"Row18849","Abaetetuba[LOCATION(NE)]",""
"Row18854","Palmas[LOCATION(NE)]",""
"Row18889","Moema[LOCATION(NE)]",""
"Row18964","Botucatu[LOCATION(NE)]",""
"Row19040","Ouro[LOCATION(NE)]",""
"Row19045","Sao Francisco[LOCATION(NE)]",""
"Row19056","CENTRAL[LOCATION(NE)]",""
"Row19120","Porto Alegre[LOCATION(NE)]",""
"Row19153","Caxias[LOCATION(NE)]",""
"Row19167","Barra[LOCATION(NE)]",""
"Row19178","Bela Vista[LOCATION(NE)]",""
"Row19187","joinville[LOCATION(NE)]",""
"Row19205","alegria[LOCATION(NE)]",""
"Row19311","Santa Cruz[LOCATION(NE)]",""
"Row19322","Palhano[LOCATION(NE)]",""
"Row19384","Campo Grande[LOCATION(NE)]",""
"Row19434","feliz[LOCATION(NE)]",""
"Row19506","Recife[LOCATION(NE)]",""
"Row19572","carai[LOCATION(NE)]",""
"Row19593","Porto Alegre[LOCATION(NE)]",""
"Row19595","Rio Grande[LOCATION(NE)]",""
"Row19752","Catarina[LOCATION(NE)]",""
"Row19839","Alegria[LOCATION(NE)]",""
"Row19910","Fortaleza[LOCATION(NE)]",""
"Row19985","Coaraci[LOCATION(NE)]",""
"Row19994","Restinga[LOCATION(NE)]",""
"Row20010","Catarina[LOCATION(NE)]",""
"Row20018","Cachoeira[LOCATION(NE)]",""
"Row20019","Bela Vista[LOCATION(NE)]",""
"Row20086","Areia[LOCATION(NE)]",""
"Row20113","Feliz[LOCATION(NE)]",""
"Row20116","Assai[LOCATION(NE)]",""
"Row20118","Maracanau[LOCATION(NE)]",""
"Row20150","Alto Alegre[LOCATION(NE)]",""
"Row20198","Cerro Largo[LOCATION(NE)]",""
"Row20213","Sapiranga[LOCATION(NE)]",""
"Row20296","Alagoinhas[LOCATION(NE)]",""
"Row20306","Congonhas[LOCATION(NE)]",""
"Row20335","Lagoa[LOCATION(NE)]",""
"Row20386","Teresina[LOCATION(NE)]",""
"Row20423","Itapeva[LOCATION(NE)]",""
"Row20501","Barbosa[LOCATION(NE)]",""
"Row20509","Fortaleza[LOCATION(NE)]",""
"Row20519","Boa Viagem[LOCATION(NE)]",""
"Row20521","Belo Horizonte[LOCATION(NE)]",""
"Row20539","Boa Viagem[LOCATION(NE)]",""
"Row20560","Boa Viagem[LOCATION(NE)]",""
"Row20584","Chacara[LOCATION(NE)]",""
"Row20586","Pedro De Toledo[LOCATION(NE)]",""
"Row20655","Jardim[LOCATION(NE)]",""
"Row20658","Guarulhos[LOCATION(NE)]",""
"Row20678","roteiro[LOCATION(NE)]",""
"Row20717","Martins[LOCATION(NE)]",""
"Row20749","maringa[LOCATION(NE)]",""
"Row20801","Lagoa[LOCATION(NE)]",""
"Row20813","Itaparica[LOCATION(NE)]",""
"Row21038","Sorocaba[LOCATION(NE)]",""
"Row21102","Curitiba[LOCATION(NE)]",""
"Row21132","descanso[LOCATION(NE)]",""
"Row21281","Lagoa[LOCATION(NE)]",""
"Row21285","Belo Horizonte[LOCATION(NE)]",""
"Row21297","Assis[LOCATION(NE)]",""
"Row21346","Central[LOCATION(NE)]",""
"Row21433","Colina[LOCATION(NE)]",""
"Row21467","Porto Alegre[LOCATION(NE)]",""
"Row21509","Lagoa[LOCATION(NE)]",""
"Row21551","Maringa[LOCATION(NE)]",""
"Row21571","Manaus[LOCATION(NE)]",""
"Row21596","Piratininga[LOCATION(NE)]",""
"Row21613","Bebedouro[LOCATION(NE)]",""
"Row21639","Santos[LOCATION(NE)]",""
"Row21655","Ubatuba[LOCATION(NE)]",""
"Row21674","Recife[LOCATION(NE)]",""
"Row21753","Gravata[LOCATION(NE)]",""
"Row21766","Fortaleza[LOCATION(NE)]",""
"Row21771","Boa viagem[LOCATION(NE)]",""
"Row21793","sorriso[LOCATION(NE)]",""
"Row21887","Central[LOCATION(NE)]",""
"Row21915","Santo Afonso[LOCATION(NE)]",""
"Row21951","ouro[LOCATION(NE)]",""
"Row21979","Rio Bonito[LOCATION(NE)]",""
"Row22026","Porto Alegre[LOCATION(NE)]",""
"Row22028","Rio Grande[LOCATION(NE)]",""
"Row22043","Recife[LOCATION(NE)]",""
"Row22048","Boa Viagem[LOCATION(NE)]",""
"Row22071","triunfo[LOCATION(NE)]",""
"Row22116","Guarulhos[LOCATION(NE)]",""
"Row22189","Novo Hamburgo[LOCATION(NE)]",""
"Row22227","Reserva[LOCATION(NE)]",""
"Row22400","franca[LOCATION(NE)]",""
"Row22445","feliz[LOCATION(NE)]",""
"Row22509","sossego[LOCATION(NE)]",""
"Row22565","Boa Viagem[LOCATION(NE)]",""
"Row22569","Recife[LOCATION(NE)]",""
"Row22637","Boa Viagem[LOCATION(NE)]",""
"Row22640","SALVADOR[LOCATION(NE)]",""
"Row22685","Ubatuba[LOCATION(NE)]",""
"Row22700","cruzeiro[LOCATION(NE)]",""
"Row22726","Tiradentes[LOCATION(NE)]",""
"Row22858","Curitiba[LOCATION(NE)]",""
"Row22862","Sorriso[LOCATION(NE)]",""
"Row22881","Jardim[LOCATION(NE)]",""
"Row22916","Luz[LOCATION(NE)]",""
"Row22987","saude[LOCATION(NE)]",""
"Row23082","cruzeiro[LOCATION(NE)]",""
"Row23093","Santana[LOCATION(NE)]",""
"Row23165","Estrela[LOCATION(NE)]",""
"Row23205","Salvador[LOCATION(NE)]",""
"Row23221","rio grande[LOCATION(NE)]",""
"Row23234","Carneiros[LOCATION(NE)]",""
"Row23276","Saquarema[LOCATION(NE)]",""
"Row23306","sorriso[LOCATION(NE)]",""
"Row23327","Monteiro[LOCATION(NE)]",""
"Row23462","Santa Rita[LOCATION(NE)]",""
"Row23468","Itatuba[LOCATION(NE)]",""
"Row23492","Caxias[LOCATION(NE)]",""
"Row23505","Penedo[LOCATION(NE)]",""
"Row23549","Porto Alegre[LOCATION(NE)]",""
"Row23581","Recife[LOCATION(NE)]",""
"Row23583","Guararapes[LOCATION(NE)]",""
"Row23626","Pouso Alegre[LOCATION(NE)]",""
"Row23671","Porto[LOCATION(NE)]",""
"Row23725","Santa Fe[LOCATION(NE)]",""
"Row23770","Carneiros[LOCATION(NE)]",""
"Row23834","Belo Horizonte[LOCATION(NE)]",""
"Row23844","saudades[LOCATION(NE)]",""
"Row23886","Brotas[LOCATION(NE)]",""
"Row23926","Cachoeira[LOCATION(NE)]",""
"Row23930","Lavras[LOCATION(NE)]",""
"Row23981","Eldorado[LOCATION(NE)]",""
"Row24066","Mirante[LOCATION(NE)]",""
"Row24067","Boa Viagem[LOCATION(NE)]",""
"Row24127","Dom Pedrito[LOCATION(NE)]",""
"Row24223","Calmon[LOCATION(NE)]",""
"Row24276","Piedade[LOCATION(NE)]",""
"Row24389","Porto Alegre[LOCATION(NE)]",""
"Row24402","ubatuba[LOCATION(NE)]",""
"Row24406","Ubatuba[LOCATION(NE)]",""
"Row24432","Torres[LOCATION(NE)]",""
"Row24493","Palmas[LOCATION(NE)]",""
"Row24495","Parana[LOCATION(NE)]",""
"Row24536","Boa Viagem[LOCATION(NE)]",""
"Row24582","TIRADENTES[LOCATION(NE)]",""
"Row24628","Serra[LOCATION(NE)]",""
"Row24655","Esmeralda[LOCATION(NE)]",""
"Row24672","Fortaleza[LOCATION(NE)]",""
"Row24677","Recife[LOCATION(NE)]",""
"Row24679","Guararapes[LOCATION(NE)]",""
"Row24697","Luz[LOCATION(NE)]",""
"Row24703","boa viagem[LOCATION(NE)]",""
"Row24758","Ingazeira[LOCATION(NE)]",""
"Row24792","Siriri[LOCATION(NE)]",""
"Row24818","reserva[LOCATION(NE)]",""
"Row24869","Almenara[LOCATION(NE)]",""
"Row24880","Buenos Aires[LOCATION(NE)]",""
"Row24903","Aracaju[LOCATION(NE)]",""
"Row24921","Serra[LOCATION(NE)]",""
"Row24943","Taubate[LOCATION(NE)]",""
"Row24982","luz[LOCATION(NE)]",""
"Row24992","Iguatemi[LOCATION(NE)]",""
"Row25183","mata[LOCATION(NE)]",""
"Row25212","Recife[LOCATION(NE)]",""
"Row25292","Recife[LOCATION(NE)]",""
"Row25297","Boa Viagem[LOCATION(NE)]",""
"Row25315","Curitiba[LOCATION(NE)]",""
"Row25333","Toledo[LOCATION(NE)]",""
"Row25501","Humaita[LOCATION(NE)]",""
"Row25631","Natal[LOCATION(NE)]",""
"Row25633","Rio Grande[LOCATION(NE)]",""
"Row25652","Tiradentes[LOCATION(NE)]",""
"Row25667","Juiz De Fora[LOCATION(NE)]",""
"Row25699","Gonzaga[LOCATION(NE)]",""
"Row25744","Navegantes[LOCATION(NE)]",""
"Row25842","Atibaia[LOCATION(NE)]",""
"Row25847","Pedra Grande[LOCATION(NE)]",""
"Row25900","Barra[LOCATION(NE)]",""
"Row26022","descanso[LOCATION(NE)]",""
"Row26090","Feliz[LOCATION(NE)]",""
"Row26098","Porto[LOCATION(NE)]",""
"Row26108","Santos[LOCATION(NE)]",""
"Row26152","muribeca[LOCATION(NE)]",""
"Row26155","Guararapes[LOCATION(NE)]",""
"Row26278","Saudades[LOCATION(NE)]",""
"Row26287","Lagoa[LOCATION(NE)]",""
"Row26329","Fortaleza[LOCATION(NE)]",""
"Row26343","Roteiro[LOCATION(NE)]",""
"Row26368","Piracaia[LOCATION(NE)]",""
"Row26427","Praia Grande[LOCATION(NE)]",""
"Row26429","Arraial[LOCATION(NE)]",""
"Row26468","UNA[LOCATION(NE)]",""
"Row26471","Belo Horizonte[LOCATION(NE)]",""
"Row26479","cruz[LOCATION(NE)]",""
"Row26563","descanso[LOCATION(NE)]",""
"Row26565","Marataizes[LOCATION(NE)]",""
"Row26641","Santos[LOCATION(NE)]",""
"Row26653","Praia Grande[LOCATION(NE)]",""
"Row26668","Gravatai[LOCATION(NE)]",""
"Row26720","Itapecerica[LOCATION(NE)]",""
"Row26790","Pirassununga[LOCATION(NE)]",""
"Row26883","Batalha[LOCATION(NE)]",""
"Row26886","Guararapes[LOCATION(NE)]",""
"Row26898","Sorocaba[LOCATION(NE)]",""
"Row26930","SOCORRO[LOCATION(NE)]",""
"Row26947","Porto[LOCATION(NE)]",""
"Row26960","Carneiros[LOCATION(NE)]",""
"Row26999","cruz[LOCATION(NE)]",""
"Row27012","Cordeiro[LOCATION(NE)]",""
"Row27027","Bauru[LOCATION(NE)]",""
"Row27155","Santa Rita[LOCATION(NE)]",""
"Row27167","Bandeirantes[LOCATION(NE)]",""
"Row27176","Queiroz[LOCATION(NE)]",""
"Row27203","Boa Viagem[LOCATION(NE)]",""
"Row27238","Lagoa[LOCATION(NE)]",""
"Row27294","ouro[LOCATION(NE)]",""
"Row27313","Fortaleza[LOCATION(NE)]",""
"Row27395","Boa Viagem[LOCATION(NE)]",""
"Row27474","manga[LOCATION(NE)]",""
"Row27488","Alvorada[LOCATION(NE)]",""
"Row27490","Tocantins[LOCATION(NE)]",""
"Row27571","Patos[LOCATION(NE)]",""
"Row27660","Porto Alegre[LOCATION(NE)]",""
"Row27662","Rio Grande[LOCATION(NE)]",""
"Row27692","Assis[LOCATION(NE)]",""
"Row27739","Vila Velha[LOCATION(NE)]",""
"Row27781","feliz[LOCATION(NE)]",""
"Row27846","Porto Alegre[LOCATION(NE)]",""
"Row27848","Rio Grande[LOCATION(NE)]",""
"Row27927","Porto Alegre[LOCATION(NE)]",""
"Row27954","Tiradentes[LOCATION(NE)]",""
"Row27966","peixe[LOCATION(NE)]",""
"Row28001","CANOAS[LOCATION(NE)]",""
"Row28003","Rio Grande[LOCATION(NE)]",""
"Row28016","Boa Viagem[LOCATION(NE)]",""
"Row28037","Americana[LOCATION(NE)]",""
"Row28077","Feliz[LOCATION(NE)]",""
"Row28155","Moreno[LOCATION(NE)]",""
"Row28219","Santos[LOCATION(NE)]",""
"Row28220","Dumont[LOCATION(NE)]",""
"Row28231","Valinhos[LOCATION(NE)]",""
"Row28291","Itaguai[LOCATION(NE)]",""
"Row28326","Alagoinhas[LOCATION(NE)]",""
"Row28337","Salvador[LOCATION(NE)]",""
"Row28353","Santana[LOCATION(NE)]",""
"Row28378","Formosa[LOCATION(NE)]",""
"Row28434","Encantado[LOCATION(NE)]",""
"Row28516","Curitiba[LOCATION(NE)]",""
"Row28560","Guarulhos[LOCATION(NE)]",""
"Row28583","Porto[LOCATION(NE)]",""
"Row28620","Porto Alegre[LOCATION(NE)]",""
"Row28622","Porto[LOCATION(NE)]",""
"Row28623","Alegre[LOCATION(NE)]",""
"Row28679","Campo Grande[LOCATION(NE)]",""
"Row28698","Suzano[LOCATION(NE)]",""
"Row28711","Atibaia[LOCATION(NE)]",""
"Row28764","Porto Alegre[LOCATION(NE)]",""
"Row28897","Esplanada[LOCATION(NE)]",""
"Row28967","feliz[LOCATION(NE)]",""
"Row28998","Esmeraldas[LOCATION(NE)]",""
"Row29008","Boa Viagem[LOCATION(NE)]",""
"Row29130","sorriso[LOCATION(NE)]",""
"Row29152","Santa Rosa[LOCATION(NE)]",""
"Row29237","Vila Velha[LOCATION(NE)]",""
"Row29281","Fatima[LOCATION(NE)]",""
"Row29282","Fortaleza[LOCATION(NE)]",""
"Row29338","bom lugar[LOCATION(NE)]",""
"Row29348","Jardim[LOCATION(NE)]",""
"Row29351","Pacoti[LOCATION(NE)]",""
"Row29383","feliz[LOCATION(NE)]",""
"Row29399","Santos[LOCATION(NE)]",""
"Row29494","Bandeirantes[LOCATION(NE)]",""
"Row29567","Itaquaquecetuba[LOCATION(NE)]",""
"Row29576","CANOAS[LOCATION(NE)]",""
"Row29643","Saudades[LOCATION(NE)]",""
"Row29663","Boa Viagem[LOCATION(NE)]",""
"Row29687","Pedro Leopoldo[LOCATION(NE)]",""
"Row29694","Arraial Do Cabo[LOCATION(NE)]",""
"Row29745","Guarulhos[LOCATION(NE)]",""
"Row29785","boa viagem[LOCATION(NE)]",""
"Row29800","sossego[LOCATION(NE)]",""
"Row29831","feliz[LOCATION(NE)]",""
"Row29834","capelinha[LOCATION(NE)]",""
"Row29857","Fortaleza[LOCATION(NE)]",""
"Row29958","Central[LOCATION(NE)]",""
"Row30021","feliz[LOCATION(NE)]",""
"Row30054","Caldas[LOCATION(NE)]",""
"Row30057","Goias[LOCATION(NE)]",""
"Row30088","Ipanema[LOCATION(NE)]",""
"Row30090","Ipero[LOCATION(NE)]",""
"Row30112","Lagoa[LOCATION(NE)]",""
"Row30113","Paraiso[LOCATION(NE)]",""
"Row30150","Ilhabela[LOCATION(NE)]",""
"Row30205","feliz[LOCATION(NE)]",""
"Row30238","Caldas[LOCATION(NE)]",""
"Row30269","Campo Grande[LOCATION(NE)]",""
"Row30279","flores[LOCATION(NE)]",""
"Row30321","Porto Alegre[LOCATION(NE)]",""
"Row30332","Luz[LOCATION(NE)]",""
"Row30474","Feira Nova[LOCATION(NE)]",""
"Row30491","feliz[LOCATION(NE)]",""
"Row30493","Canoas[LOCATION(NE)]",""
"Row30510","Grajau[LOCATION(NE)]",""
"Row30603","jau[LOCATION(NE)]",""
"Row30616","Lapa[LOCATION(NE)]",""
"Row30630","Santa Rita[LOCATION(NE)]",""
"Row30631","Jacutinga[LOCATION(NE)]",""
"Row30714","luz[LOCATION(NE)]",""
"Row30852","vale verde[LOCATION(NE)]",""
"Row30902","Bezerros[LOCATION(NE)]",""
"Row30996","Campestre[LOCATION(NE)]",""
"Row31119","Belem[LOCATION(NE)]",""
"Row31207","Salvador[LOCATION(NE)]",""
"Row31223","mariana[LOCATION(NE)]",""
"Row31226","Buenos Aires[LOCATION(NE)]",""
"Row31239","Curitiba[LOCATION(NE)]",""
"Row31317","Itapema[LOCATION(NE)]",""
"Row31498","peixe[LOCATION(NE)]",""
"Row31574","divino[LOCATION(NE)]",""
"Row31594","Porto Alegre[LOCATION(NE)]",""
"Row31634","Serra[LOCATION(NE)]",""
"Row31657","Fortaleza[LOCATION(NE)]",""
"Row31725","bonito[LOCATION(NE)]",""
"Row31772","Congonhas[LOCATION(NE)]",""
"Row31788","Ipanema[LOCATION(NE)]",""
"Row31821","Feliz[LOCATION(NE)]",""
"Row31890","Ananindeua[LOCATION(NE)]",""
"Row31960","brasileira[LOCATION(NE)]",""
"Row31984","Bombinhas[LOCATION(NE)]",""
"Row32052","Belem[LOCATION(NE)]",""
"Row32107","Porto Alegre[LOCATION(NE)]",""
"Row32176","Belo Horizonte[LOCATION(NE)]",""
"Row32205","Campo Limpo Paulista[LOCATION(NE)]",""
"Row32250","maceio[LOCATION(NE)]",""
"Row32254","Meridiano[LOCATION(NE)]",""
"Row32273","Porto[LOCATION(NE)]",""
"Row32276","Recife[LOCATION(NE)]",""
"Row32287","sorriso[LOCATION(NE)]",""
"Row32289","Jardim[LOCATION(NE)]",""
"Row32295","peixe[LOCATION(NE)]",""
"Row32346","recife[LOCATION(NE)]",""
"Row32350","Recife[LOCATION(NE)]",""
"Row32355","Boa Viagem[LOCATION(NE)]",""
"Row32393","Natal[LOCATION(NE)]",""
"Row32438","Sete De Setembro[LOCATION(NE)]",""
"Row32520","Gramado[LOCATION(NE)]",""
"Row32622","Boa Viagem[LOCATION(NE)]",""
"Row32638","Assis[LOCATION(NE)]",""
"Row32652","Jardim[LOCATION(NE)]",""
"Row32655","Manaus[LOCATION(NE)]",""
"Row32666","Limoeiro[LOCATION(NE)]",""
"Row32671","montanha[LOCATION(NE)]",""
"Row32733","cruz[LOCATION(NE)]",""
"Row32764","Esperantina[LOCATION(NE)]",""
"Row32788","Aparecida[LOCATION(NE)]",""
"Row32818","Sorocaba[LOCATION(NE)]",""
"Row32941","Cachoeirinha[LOCATION(NE)]",""
"Row32957","Marechal Deodoro[LOCATION(NE)]",""
"Row33059","Santa Isabel[LOCATION(NE)]",""
"Row33139","Castelo[LOCATION(NE)]",""
"Row33235","caseiros[LOCATION(NE)]",""
"Row33342","Iguatemi[LOCATION(NE)]",""
"Row33355","Fortaleza[LOCATION(NE)]",""
"Row33384","Londrina[LOCATION(NE)]",""
"Row33408","Colombo[LOCATION(NE)]",""
"Row33410","Parana[LOCATION(NE)]",""
"Row33443","Praia Grande[LOCATION(NE)]",""
"Row33470","sertaneja[LOCATION(NE)]",""
"Row33531","Pinheiro[LOCATION(NE)]",""
"Row33538","Atibaia[LOCATION(NE)]",""
"Row33560","tres Marias[LOCATION(NE)]",""
"Row33617","Taguatinga[LOCATION(NE)]",""
"Row33622","Lapa[LOCATION(NE)]",""
"Row33675","Fortaleza[LOCATION(NE)]",""
"Row33725","Recife[LOCATION(NE)]",""
"Row33734","Fortaleza[LOCATION(NE)]",""
"Row33811","Campanha[LOCATION(NE)]",""
"Row33846","Curitiba[LOCATION(NE)]",""
"Row33908","Serra[LOCATION(NE)]",""
"Row33916","Fortaleza[LOCATION(NE)]",""
"Row33927","Colina[LOCATION(NE)]",""
"Row33974","Maranguape[LOCATION(NE)]",""
"Row34031","california[LOCATION(NE)]",""
"Row34062","Boa Viagem[LOCATION(NE)]",""
"Row34064","Salvador[LOCATION(NE)]",""
"Row34076","Restinga[LOCATION(NE)]",""
"Row34154","alegria[LOCATION(NE)]",""
"Row34220","Contagem[LOCATION(NE)]",""
"Row34251","Serra[LOCATION(NE)]",""
"Row34253","Espirito Santo[LOCATION(NE)]",""
"Row34314","Paulista[LOCATION(NE)]",""
"Row34362","guarapari[LOCATION(NE)]",""
"Row34402","Volta Redonda[LOCATION(NE)]",""
"Row34458","Sorocaba[LOCATION(NE)]",""
"Row34515","Jardim[LOCATION(NE)]",""
"Row34574","alegria[LOCATION(NE)]",""
"Row34589","bonito[LOCATION(NE)]",""
"Row34704","Boa Vista[LOCATION(NE)]",""
"Row34740","Presidente Venceslau[LOCATION(NE)]",""
"Row34890","Bandeirantes[LOCATION(NE)]",""
"Row34892","Curitiba[LOCATION(NE)]",""
"Row34971","Caldas[LOCATION(NE)]",""
"Row35006","descanso[LOCATION(NE)]",""
"Row35060","Salvador[LOCATION(NE)]",""
"Row35075","Barbacena[LOCATION(NE)]",""
"Row35106","Serra[LOCATION(NE)]",""
"Row35164","Marilia[LOCATION(NE)]",""
"Row35189","Ipanema[LOCATION(NE)]",""
"Row35214","Muriae[LOCATION(NE)]",""
"Row35238","Serra[LOCATION(NE)]",""
"Row35243","Feliz[LOCATION(NE)]",""
"Row35269","Jardim[LOCATION(NE)]",""
"Row35294","peixe[LOCATION(NE)]",""
"Row35339","MESSIAS[LOCATION(NE)]",""
"Row35374","pimenta[LOCATION(NE)]",""
"Row35392","Vargem[LOCATION(NE)]",""
"Row35437","Curitiba[LOCATION(NE)]",""
"Row35543","recife[LOCATION(NE)]",""
"Row35550","Boa Viagem[LOCATION(NE)]",""
"Row35581","progresso[LOCATION(NE)]",""
"Row35636","Boa Viagem[LOCATION(NE)]",""
"Row35638","Recife[LOCATION(NE)]",""
"Row35671","Belo Horizonte[LOCATION(NE)]",""
"Row35696","dourado[LOCATION(NE)]",""
"Row35697","corrente[LOCATION(NE)]",""
"Row35826","pedra[LOCATION(NE)]",""
"Row35844","Parauapebas[LOCATION(NE)]",""
"Row35864","fronteira[LOCATION(NE)]",""
"Row35879","Rio Quente[LOCATION(NE)]",""
"Row35918","passos[LOCATION(NE)]",""
"Row35929","Capela[LOCATION(NE)]",""
"Row35941","saudades[LOCATION(NE)]",""
"Row35974","Boa Viagem[LOCATION(NE)]",""
"Row35993","peixe[LOCATION(NE)]",""
"Row36029","Planalto[LOCATION(NE)]",""
"Row36052","salvador[LOCATION(NE)]",""
"Row36097","Ilheus[LOCATION(NE)]",""
"Row36186","Bertioga[LOCATION(NE)]",""
"Row36203","Porto Alegre[LOCATION(NE)]",""
"Row36399","Sorocaba[LOCATION(NE)]",""
"Row36409","Boa viagem[LOCATION(NE)]",""
"Row36411","Recife[LOCATION(NE)]",""
"Row36538","Guarulhos[LOCATION(NE)]",""
"Row36638","Trindade[LOCATION(NE)]",""
"Row36789","Olinda[LOCATION(NE)]",""
"Row36797","capixaba[LOCATION(NE)]",""
"Row36901","luz[LOCATION(NE)]",""
"Row37040","Caruaru[LOCATION(NE)]",""
"Row37099","Boa Viagem[LOCATION(NE)]",""
"Row37101","Recife[LOCATION(NE)]",""
"Row37112","Casa Branca[LOCATION(NE)]",""
"Row37165","Boa Viagem[LOCATION(NE)]",""
"Row37211","Maua[LOCATION(NE)]",""
"Row37265","Barra[LOCATION(NE)]",""
"Row37288","Gramado[LOCATION(NE)]",""
"Row37293","Porto Alegre[LOCATION(NE)]",""
"Row37472","Boa viagem[LOCATION(NE)]",""
"Row37495","Boa Viagem[LOCATION(NE)]",""
"Row37497","Recife[LOCATION(NE)]",""
"Row37502","Lapa[LOCATION(NE)]",""
"Row37560","Sinop[LOCATION(NE)]",""
"Row37571","Recife[LOCATION(NE)]",""
"Row37647","Recife[LOCATION(NE)]",""
"Row37677","Paulista[LOCATION(NE)]",""
"Row37679","Manaus[LOCATION(NE)]",""
"Row37755","Recife[LOCATION(NE)]",""
"Row37757","Guararapes[LOCATION(NE)]",""
"Row37824","Barra[LOCATION(NE)]",""
"Row37825","Bonfim[LOCATION(NE)]",""
"Row37845","Curitiba[LOCATION(NE)]",""
"Row37919","Palmeiras[LOCATION(NE)]",""
"Row37933","feliz[LOCATION(NE)]",""
"Row37937","Santana[LOCATION(NE)]",""
"Row37945","Recife[LOCATION(NE)]",""
"Row250","Sao[LOCATION(NE)]",""
"Row388","Campos[LOCATION(NE)]",""
"Row1086","Campos[LOCATION(NE)]",""
"Row1439","Chapada[LOCATION(NE)]",""
"Row1606","Campos[LOCATION(NE)]",""
"Row2176","BH[LOCATION(NE)]",""
"Row2276","Vix[LOCATION(NE)]",""
"Row2869","BH[LOCATION(NE)]",""
"Row2954","Belo[LOCATION(NE)]",""
"Row3253","Barra[LOCATION(NE)]",""
"Row3328","Belo[LOCATION(NE)]",""
"Row3516","The[LOCATION(NE)]",""
"Row4198","Sao[LOCATION(NE)]",""
"Row5690","belo[LOCATION(NE)]",""
"Row5729","Cidade Jardim[LOCATION(NE)]",""
"Row5731","Barra[LOCATION(NE)]",""
"Row5821","BH[LOCATION(NE)]",""
"Row6015","Barra[LOCATION(NE)]",""
"Row6236","The[LOCATION(NE)]",""
"Row6444","Campina[LOCATION(NE)]",""
"Row6837","Belo[LOCATION(NE)]",""
"Row7497","Caxias[LOCATION(NE)]",""
"Row8027","Floripa[LOCATION(NE)]",""
"Row8209","Sao[LOCATION(NE)]",""
"Row8879","Sao[LOCATION(NE)]",""
"Row8907","Caxias[LOCATION(NE)]",""
"Row9287","Belo[LOCATION(NE)]",""
"Row9469","The[LOCATION(NE)]",""
"Row10001","Floripa[LOCATION(NE)]",""
"Row10205","Sao[LOCATION(NE)]",""
"Row10232","Chapada[LOCATION(NE)]",""
"Row10347","Barra[LOCATION(NE)]",""
"Row10797","JP[LOCATION(NE)]",""
"Row10851","Belo[LOCATION(NE)]",""
"Row10893","Conquista[LOCATION(NE)]",""
"Row11011","Belo[LOCATION(NE)]",""
"Row11383","Sao[LOCATION(NE)]",""
"Row11433","Sao[LOCATION(NE)]",""
"Row11450","barra[LOCATION(NE)]",""
"Row11557","The[LOCATION(NE)]",""
"Row11749","Campos[LOCATION(NE)]",""
"Row11828","the[LOCATION(NE)]",""
"Row12160","Barra[LOCATION(NE)]",""
"Row12378","Belo[LOCATION(NE)]",""
"Row12496","Campos[LOCATION(NE)]",""
"Row12553_dup","Sao[LOCATION(NE)]",""
"Row12922","Paris[LOCATION(NE)]",""
"Row13710","Barra[LOCATION(NE)]",""
"Row13747","POA[LOCATION(NE)]",""
"Row13774","Cidade Jardim[LOCATION(NE)]",""
"Row13811","Sampa[LOCATION(NE)]",""
"Row13946","Barra[LOCATION(NE)]",""
"Row14003","The[LOCATION(NE)]",""
"Row14043","Campos[LOCATION(NE)]",""
"Row15042_dup","Aparecida[LOCATION(NE)]",""
"Row15403","Sao[LOCATION(NE)]",""
"Row15440","Aparecida[LOCATION(NE)]",""
"Row15459","BH[LOCATION(NE)]",""
"Row15959","LUCAS[LOCATION(NE)]",""
"Row16684","Belo[LOCATION(NE)]",""
"Row16980","Belo[LOCATION(NE)]",""
"Row17146","Campos[LOCATION(NE)]",""
"Row17336","BH[LOCATION(NE)]",""
"Row17359","Sao[LOCATION(NE)]",""
"Row18137","Barra[LOCATION(NE)]",""
"Row18461","the[LOCATION(NE)]",""
"Row19139","Sao[LOCATION(NE)]",""
"Row19249","Caxias[LOCATION(NE)]",""
"Row19263","Barra[LOCATION(NE)]",""
"Row19342","Paris[LOCATION(NE)]",""
"Row20462","LUCAS[LOCATION(NE)]",""
"Row20626","Belo[LOCATION(NE)]",""
"Row21395","Belo[LOCATION(NE)]",""
"Row21722","Campos[LOCATION(NE)]",""
"Row21926","Sampa[LOCATION(NE)]",""
"Row22032","BH[LOCATION(NE)]",""
"Row22798","Belo[LOCATION(NE)]",""
"Row22834","JP[LOCATION(NE)]",""
"Row23615","Caxias[LOCATION(NE)]",""
"Row23958","Belo[LOCATION(NE)]",""
"Row24410","THE[LOCATION(NE)]",""
"Row24908","the[LOCATION(NE)]",""
"Row26035","Barra[LOCATION(NE)]",""
"Row26094","floripa[LOCATION(NE)]",""
"Row26607","Belo[LOCATION(NE)]",""
"Row26793","Sao[LOCATION(NE)]",""
"Row27698","BH[LOCATION(NE)]",""
"Row28172","Campos[LOCATION(NE)]",""
"Row28342","Campos[LOCATION(NE)]",""
"Row29804","Paris[LOCATION(NE)]",""
"Row30251","Sao[LOCATION(NE)]",""
"Row31145","Campos[LOCATION(NE)]",""
"Row31464","the[LOCATION(NE)]",""
"Row32343","Belo[LOCATION(NE)]",""
"Row32545","BH[LOCATION(NE)]",""
"Row32717","Campos[LOCATION(NE)]",""
"Row32962","Aparecida[LOCATION(NE)]",""
"Row33622_dup","Sao[LOCATION(NE)]",""
"Row33802","Sao[LOCATION(NE)]",""
"Row35290","Sao[LOCATION(NE)]",""
"Row35577","Sao[LOCATION(NE)]",""
"Row35838","sampa[LOCATION(NE)]",""
"Row35856","Belo[LOCATION(NE)]",""
"Row36406","The[LOCATION(NE)]",""
"Row36657","BH[LOCATION(NE)]",""
"Row36785","BH[LOCATION(NE)]",""
"Row37196","sampa[LOCATION(NE)]",""
"Row37458","Barra[LOCATION(NE)]",""
"Row38020","Barra[LOCATION(NE)]",""
"Row38081","Quiabo[LOCATION(NE)]",""
"Row95","Bahia[LOCATION(NE)]",""
"Row250_dup","Sao Paulo[LOCATION(NE)]",""
"Row481","Bahia[LOCATION(NE)]",""
"Row795","Amazonas[LOCATION(NE)]",""
"Row1040","Bahia[LOCATION(NE)]",""
"Row1139","Para[LOCATION(NE)]",""
"Row3480","Bahia[LOCATION(NE)]",""
"Row3594","Rio Grande Do Sul[LOCATION(NE)]",""
"Row3642","Minas Gerais[LOCATION(NE)]",""
"Row4193","Sao Paulo[LOCATION(NE)]",""
"Row4279","Rio De Janeiro[LOCATION(NE)]",""
"Row4415","PARA[LOCATION(NE)]",""
"Row4693","PARA[LOCATION(NE)]",""
"Row4785","para[LOCATION(NE)]",""
"Row5175","Minas Gerais[LOCATION(NE)]",""
"Row5863","Para[LOCATION(NE)]",""
"Row6722","Minas Gerais[LOCATION(NE)]",""
"Row6748","ceara[LOCATION(NE)]",""
"Row7058","Bahia[LOCATION(NE)]",""
"Row7097","Para[LOCATION(NE)]",""
"Row7587","Para[LOCATION(NE)]",""
"Row7988","Bahia[LOCATION(NE)]",""
"Row8200","Sao Paulo[LOCATION(NE)]",""
"Row8869","Sao Paulo[LOCATION(NE)]",""
"Row9522","Amazonas[LOCATION(NE)]",""
"Row9525","Para[LOCATION(NE)]",""
"Row9759","Ceara[LOCATION(NE)]",""
"Row9984","Minas Gerais[LOCATION(NE)]",""
"Row10126","Pernambuco[LOCATION(NE)]",""
"Row10193","Sao Paulo[LOCATION(NE)]",""
"Row10541","para[LOCATION(NE)]",""
"Row10926","Rio Grande Do Sul[LOCATION(NE)]",""
"Row11367","Sao Paulo[LOCATION(NE)]",""
"Row11416","Sao Paulo[LOCATION(NE)]",""
"Row11903","Bahia[LOCATION(NE)]",""
"Row12056","Tocantins[LOCATION(NE)]",""
"Row12235","Para[LOCATION(NE)]",""
"Row12337","Bahia[LOCATION(NE)]",""
"Row12501","Rio De Janeiro[LOCATION(NE)]",""
"Row12533","Sao Paulo[LOCATION(NE)]",""
"Row12944","Minas Gerais[LOCATION(NE)]",""
"Row13100","Pernambuco[LOCATION(NE)]",""
"Row13663","Mato Grosso[LOCATION(NE)]",""
"Row13706_dup","Mato Grosso[LOCATION(NE)]",""
"Row14106","Bahia[LOCATION(NE)]",""
"Row14342","Minas Gerais[LOCATION(NE)]",""
"Row14893","Santa Catarina[LOCATION(NE)]",""
"Row14923","Mato Grosso[LOCATION(NE)]",""
"Row15056","Rio De Janeiro[LOCATION(NE)]",""
"Row15375","Sao Paulo[LOCATION(NE)]",""
"Row15530","Para[LOCATION(NE)]",""
"Row16471","Pernambuco[LOCATION(NE)]",""
"Row16658","Minas Gerais[LOCATION(NE)]",""
"Row16702","Pernambuco[LOCATION(NE)]",""
"Row16953","Minas Gerais[LOCATION(NE)]",""
"Row17328","Sao Paulo[LOCATION(NE)]",""
"Row17417","Para[LOCATION(NE)]",""
"Row17443","Para[LOCATION(NE)]",""
"Row17463","Rio Grande Do Sul[LOCATION(NE)]",""
"Row17586","Para[LOCATION(NE)]",""
"Row17680","Rio De Janeiro[LOCATION(NE)]",""
"Row17693","Rio De Janeiro[LOCATION(NE)]",""
"Row17819","para[LOCATION(NE)]",""
"Row18003","Pernambuco[LOCATION(NE)]",""
"Row18162","Rio De Janeiro[LOCATION(NE)]",""
"Row18184","Para[LOCATION(NE)]",""
"Row18442","Minas Gerais[LOCATION(NE)]",""
"Row19122","Para[LOCATION(NE)]",""
"Row19653","Rio Grande Do Sul[LOCATION(NE)]",""
"Row20065","Santa Catarina[LOCATION(NE)]",""
"Row20088","Minas Gerais[LOCATION(NE)]",""
"Row20329","Minas Gerais[LOCATION(NE)]",""
"Row20340","Bahia[LOCATION(NE)]",""
"Row20394","Minas Gerais[LOCATION(NE)]",""
"Row20844","Para[LOCATION(NE)]",""
"Row21661","Rio De Janeiro[LOCATION(NE)]",""
"Row22623","alagoas[LOCATION(NE)]",""
"Row22689","Para[LOCATION(NE)]",""
"Row22884","para[LOCATION(NE)]",""
"Row23277","Bahia[LOCATION(NE)]",""
"Row23357","Minas Gerais[LOCATION(NE)]",""
"Row23909","Minas Gerais[LOCATION(NE)]",""
"Row23962","Para[LOCATION(NE)]",""
"Row24025","Bahia[LOCATION(NE)]",""
"Row24352","Pernambuco[LOCATION(NE)]",""
"Row24381","PARA[LOCATION(NE)]",""
"Row24570","Parana[LOCATION(NE)]",""
"Row24636","PARA[LOCATION(NE)]",""
"Row24847","Para[LOCATION(NE)]",""
"Row24940","alagoas[LOCATION(NE)]",""
"Row25728","Para[LOCATION(NE)]",""
"Row25753","Acre[LOCATION(NE)]",""
"Row26740","Sao Paulo[LOCATION(NE)]",""
"Row27045","Pernambuco[LOCATION(NE)]",""
"Row27162","Bahia[LOCATION(NE)]",""
"Row27242","Paraiba[LOCATION(NE)]",""
"Row27577","Tocantins[LOCATION(NE)]",""
"Row28238","Pernambuco[LOCATION(NE)]",""
"Row28252","Pernambuco[LOCATION(NE)]",""
"Row29096","Minas Gerais[LOCATION(NE)]",""
"Row29716","Distrito Federal[LOCATION(NE)]",""
"Row30160","Goias[LOCATION(NE)]",""
"Row30195","Sao Paulo[LOCATION(NE)]",""
"Row30281","Para[LOCATION(NE)]",""
"Row30517","Minas Gerais[LOCATION(NE)]",""
"Row30580","Pernambuco[LOCATION(NE)]",""
"Row30721","Rio De Janeiro[LOCATION(NE)]",""
"Row30808","Rio De Janeiro[LOCATION(NE)]",""
"Row31312","Bahia[LOCATION(NE)]",""
"Row31388","Pernambuco[LOCATION(NE)]",""
"Row31788_dup","Bahia[LOCATION(NE)]",""
"Row32022","piaui[LOCATION(NE)]",""
"Row32055","Sergipe[LOCATION(NE)]",""
"Row32161","Para[LOCATION(NE)]",""
"Row32456","Pernambuco[LOCATION(NE)]",""
"Row32573","Bahia[LOCATION(NE)]",""
"Row32770","Amazonas[LOCATION(NE)]",""
"Row33525","Parana[LOCATION(NE)]",""
"Row33561","Sao Paulo[LOCATION(NE)]",""
"Row33648","Maranhao[LOCATION(NE)]",""
"Row33740","Sao Paulo[LOCATION(NE)]",""
"Row33878","Rio De Janeiro[LOCATION(NE)]",""
"Row34163","Distrito Federal[LOCATION(NE)]",""
"Row34366","Espirito Santo[LOCATION(NE)]",""
"Row34677","para[LOCATION(NE)]",""
"Row34821","Roraima[LOCATION(NE)]",""
"Row35178","Bahia[LOCATION(NE)]",""
"Row35223","Sao Paulo[LOCATION(NE)]",""
"Row35263","Sergipe[LOCATION(NE)]",""
"Row35509","Sao Paulo[LOCATION(NE)]",""
"Row35658","pernambuco[LOCATION(NE)]",""
"Row35668","Para[LOCATION(NE)]",""
"Row36534","Pernambuco[LOCATION(NE)]",""
"Row37027","Bahia[LOCATION(NE)]",""
"Row37237","Minas Gerais[LOCATION(NE)]",""
"Row45","mt[LOCATION(NE)]",""
"Row69","to[LOCATION(NE)]",""
"Row112","Rs[LOCATION(NE)]",""
"Row341","SP[LOCATION(NE)]",""
"Row356","BA[LOCATION(NE)]",""
"Row393","RJ[LOCATION(NE)]",""
"Row550_dup","Mt[LOCATION(NE)]",""
"Row795_dup","AM[LOCATION(NE)]",""
"Row903","RS[LOCATION(NE)]",""
"Row922","CE[LOCATION(NE)]",""
"Row1101","RS[LOCATION(NE)]",""
"Row1298","SP[LOCATION(NE)]",""
"Row1414","MT[LOCATION(NE)]",""
"Row1556","PA[LOCATION(NE)]",""
"Row1574","sp[LOCATION(NE)]",""
"Row1629","RJ[LOCATION(NE)]",""
"Row1754","PE[LOCATION(NE)]",""
"Row1894","PE[LOCATION(NE)]",""
"Row1942","SP[LOCATION(NE)]",""
"Row2509","SP[LOCATION(NE)]",""
"Row2529","MG[LOCATION(NE)]",""
"Row2697","CE[LOCATION(NE)]",""
"Row2706","RS[LOCATION(NE)]",""
"Row2785","sp[LOCATION(NE)]",""
"Row2855","RS[LOCATION(NE)]",""
"Row2927","SP[LOCATION(NE)]",""
"Row2974","to[LOCATION(NE)]",""
"Row3006","to[LOCATION(NE)]",""
"Row3108","PE[LOCATION(NE)]",""
"Row3121","rs[LOCATION(NE)]",""
"Row3274","SP[LOCATION(NE)]",""
"Row3296","RJ[LOCATION(NE)]",""
"Row3310","se[LOCATION(NE)]",""
"Row3331","MG[LOCATION(NE)]",""
"Row3443","To[LOCATION(NE)]",""
"Row3697","RS[LOCATION(NE)]",""
"Row3763","pe[LOCATION(NE)]",""
"Row3818","rs[LOCATION(NE)]",""
"Row3845","Se[LOCATION(NE)]",""
"Row4000","to[LOCATION(NE)]",""
"Row4100","PE[LOCATION(NE)]",""
"Row4118","RS[LOCATION(NE)]",""
"Row4388","RS[LOCATION(NE)]",""
"Row4401","PA[LOCATION(NE)]",""
"Row4661","RJ[LOCATION(NE)]",""
"Row4676","PB[LOCATION(NE)]",""
"Row4783","to[LOCATION(NE)]",""
"Row4808","PE[LOCATION(NE)]",""
"Row4852","MG[LOCATION(NE)]",""
"Row4936","SP[LOCATION(NE)]",""
"Row4960","PA[LOCATION(NE)]",""
"Row5087","GO[LOCATION(NE)]",""
"Row5204","RS[LOCATION(NE)]",""
"Row5615","RS[LOCATION(NE)]",""
"Row5779","RS[LOCATION(NE)]",""
"Row5832","MG[LOCATION(NE)]",""
"Row5876","se[LOCATION(NE)]",""
"Row5934","am[LOCATION(NE)]",""
"Row5969","Se[LOCATION(NE)]",""
"Row6003","BA[LOCATION(NE)]",""
"Row6058","RS[LOCATION(NE)]",""
"Row6092","DF[LOCATION(NE)]",""
"Row6151","RJ[LOCATION(NE)]",""
"Row6233","DF[LOCATION(NE)]",""
"Row6300","RJ[LOCATION(NE)]",""
"Row6328","to[LOCATION(NE)]",""
"Row6448","PB[LOCATION(NE)]",""
"Row6610","to[LOCATION(NE)]",""
"Row6807","rn[LOCATION(NE)]",""
"Row6819","GO[LOCATION(NE)]",""
"Row6897","CE[LOCATION(NE)]",""
"Row6923","SP[LOCATION(NE)]",""
"Row7140","TO[LOCATION(NE)]",""
"Row7417","PE[LOCATION(NE)]",""
"Row7552","AM[LOCATION(NE)]",""
"Row7562","Ms[LOCATION(NE)]",""
"Row7619","RJ[LOCATION(NE)]",""
"Row7700","Pb[LOCATION(NE)]",""
"Row7703","Se[LOCATION(NE)]",""
"Row7767","PE[LOCATION(NE)]",""
"Row7802","SP[LOCATION(NE)]",""
"Row8069","SP[LOCATION(NE)]",""
"Row8356","RJ[LOCATION(NE)]",""
"Row8442","TO[LOCATION(NE)]",""
"Row8509_dup","PR[LOCATION(NE)]",""
"Row8547","MG[LOCATION(NE)]",""
"Row8604","RS[LOCATION(NE)]",""
"Row8788","RS[LOCATION(NE)]",""
"Row8870","RJ[LOCATION(NE)]",""
"Row8898","RJ[LOCATION(NE)]",""
"Row9055","PA[LOCATION(NE)]",""
"Row9562","se[LOCATION(NE)]",""
"Row9720","rj[LOCATION(NE)]",""
"Row9744","PB[LOCATION(NE)]",""
"Row9887_dup","to[LOCATION(NE)]",""
"Row9989","To[LOCATION(NE)]",""
"Row10072","RS[LOCATION(NE)]",""
"Row10292","RJ[LOCATION(NE)]",""
"Row10569","rs[LOCATION(NE)]",""
"Row10855","MG[LOCATION(NE)]",""
"Row10947","Se[LOCATION(NE)]",""
"Row10969","DF[LOCATION(NE)]",""
"Row11027","Rj[LOCATION(NE)]",""
"Row11152","sp[LOCATION(NE)]",""
"Row11489","RS[LOCATION(NE)]",""
"Row11863","RS[LOCATION(NE)]",""
"Row11993","RJ[LOCATION(NE)]",""
"Row12090","RS[LOCATION(NE)]",""
"Row12136","BA[LOCATION(NE)]",""
"Row12168","RJ[LOCATION(NE)]",""
"Row12209","Se[LOCATION(NE)]",""
"Row13009","RS[LOCATION(NE)]",""
"Row13013_dup","Se[LOCATION(NE)]",""
"Row13083","GO[LOCATION(NE)]",""
"Row13138","SP[LOCATION(NE)]",""
"Row13204","PE[LOCATION(NE)]",""
"Row13271","PR[LOCATION(NE)]",""
"Row13320","mt[LOCATION(NE)]",""
"Row13372","BA[LOCATION(NE)]",""
"Row13409","Mt[LOCATION(NE)]",""
"Row13486","rj[LOCATION(NE)]",""
"Row13569","RJ[LOCATION(NE)]",""
"Row13781","SP[LOCATION(NE)]",""
"Row13807","RS[LOCATION(NE)]",""
"Row14033","DF[LOCATION(NE)]",""
"Row14048","RJ[LOCATION(NE)]",""
"Row14147","sp[LOCATION(NE)]",""
"Row14235","to[LOCATION(NE)]",""
"Row14314","rj[LOCATION(NE)]",""
"Row14434","SP[LOCATION(NE)]",""
"Row14460","SP[LOCATION(NE)]",""
"Row14525","PE[LOCATION(NE)]",""
"Row14583","Se[LOCATION(NE)]",""
"Row14701","DF[LOCATION(NE)]",""
"Row14880","SP[LOCATION(NE)]",""
"Row14930","to[LOCATION(NE)]",""
"Row15090","RJ[LOCATION(NE)]",""
"Row15133_dup","rs[LOCATION(NE)]",""
"Row15489","ba[LOCATION(NE)]",""
"Row15579","RJ[LOCATION(NE)]",""
"Row15731","DF[LOCATION(NE)]",""
"Row15751","PA[LOCATION(NE)]",""
"Row15860","DF[LOCATION(NE)]",""
"Row15909","MG[LOCATION(NE)]",""
"Row15920","to[LOCATION(NE)]",""
"Row15962","RJ[LOCATION(NE)]",""
"Row16089","pi[LOCATION(NE)]",""
"Row16145","DF[LOCATION(NE)]",""
"Row16206_dup","MG[LOCATION(NE)]",""
"Row16279","CE[LOCATION(NE)]",""
"Row16384","SP[LOCATION(NE)]",""
"Row16799","RJ[LOCATION(NE)]",""
"Row17227","CE[LOCATION(NE)]",""
"Row17364","SP[LOCATION(NE)]",""
"Row17546","to[LOCATION(NE)]",""
"Row17721","RJ[LOCATION(NE)]",""
"Row17907","to[LOCATION(NE)]",""
"Row17930","RR[LOCATION(NE)]",""
"Row17965","SC[LOCATION(NE)]",""
"Row18301","PE[LOCATION(NE)]",""
"Row18367","RS[LOCATION(NE)]",""
"Row18417","RS[LOCATION(NE)]",""
"Row18576","Se[LOCATION(NE)]",""
"Row18621","PA[LOCATION(NE)]",""
"Row18684","AP[LOCATION(NE)]",""
"Row18722","SC[LOCATION(NE)]",""
"Row18755","RS[LOCATION(NE)]",""
"Row19186","rs[LOCATION(NE)]",""
"Row19220","RS[LOCATION(NE)]",""
"Row19226","Rj[LOCATION(NE)]",""
"Row19269","Se[LOCATION(NE)]",""
"Row19319","ap[LOCATION(NE)]",""
"Row19359","DF[LOCATION(NE)]",""
"Row19487","ms[LOCATION(NE)]",""
"Row19584","Se[LOCATION(NE)]",""
"Row19609","PE[LOCATION(NE)]",""
"Row19901","AL[LOCATION(NE)]",""
"Row20015","CE[LOCATION(NE)]",""
"Row20191","RS[LOCATION(NE)]",""
"Row20275","RJ[LOCATION(NE)]",""
"Row20306_dup","RS[LOCATION(NE)]",""
"Row20321","RS[LOCATION(NE)]",""
"Row20404","Ba[LOCATION(NE)]",""
"Row20465","RJ[LOCATION(NE)]",""
"Row20494","PI[LOCATION(NE)]",""
"Row20526","rs[LOCATION(NE)]",""
"Row20631","MG[LOCATION(NE)]",""
"Row20684","Se[LOCATION(NE)]",""
"Row20712","DF[LOCATION(NE)]",""
"Row21100","SP[LOCATION(NE)]",""
"Row21216","PR[LOCATION(NE)]",""
"Row21323","to[LOCATION(NE)]",""
"Row21400","MG[LOCATION(NE)]",""
"Row21506","RJ[LOCATION(NE)]",""
"Row21583","RS[LOCATION(NE)]",""
"Row21687","AM[LOCATION(NE)]",""
"Row21888","Pe[LOCATION(NE)]",""
"Row22097","RJ[LOCATION(NE)]",""
"Row22164","PE[LOCATION(NE)]",""
"Row22417","RJ[LOCATION(NE)]",""
"Row22544","RJ[LOCATION(NE)]",""
"Row22693","PE[LOCATION(NE)]",""
"Row22731","se[LOCATION(NE)]",""
"Row22765","BA[LOCATION(NE)]",""
"Row23140","RJ[LOCATION(NE)]",""
"Row23401","RJ[LOCATION(NE)]",""
"Row23456","RJ[LOCATION(NE)]",""
"Row23676","RS[LOCATION(NE)]",""
"Row23695","RS[LOCATION(NE)]",""
"Row23714","PE[LOCATION(NE)]",""
"Row23724","DF[LOCATION(NE)]",""
"Row23767","SP[LOCATION(NE)]",""
"Row23804","RJ[LOCATION(NE)]",""
"Row23947","DF[LOCATION(NE)]",""
"Row24148","rj[LOCATION(NE)]",""
"Row24258","RS[LOCATION(NE)]",""
"Row24297","DF[LOCATION(NE)]",""
"Row24521","RS[LOCATION(NE)]",""
"Row24555","RS[LOCATION(NE)]",""
"Row24564","RS[LOCATION(NE)]",""
"Row24700","SE[LOCATION(NE)]",""
"Row24815","PE[LOCATION(NE)]",""
"Row24892","PE[LOCATION(NE)]",""
"Row24908_dup","To[LOCATION(NE)]",""
"Row25071","RJ[LOCATION(NE)]",""
"Row25374","RJ[LOCATION(NE)]",""
"Row25487","PA[LOCATION(NE)]",""
"Row25826","SP[LOCATION(NE)]",""
"Row25865","RJ[LOCATION(NE)]",""
"Row25908","RJ[LOCATION(NE)]",""
"Row26104","SC[LOCATION(NE)]",""
"Row26133","mt[LOCATION(NE)]",""
"Row26200","sp[LOCATION(NE)]",""
"Row26294","PE[LOCATION(NE)]",""
"Row26393","mg[LOCATION(NE)]",""
"Row26468_dup","CE[LOCATION(NE)]",""
"Row26550","RJ[LOCATION(NE)]",""
"Row26570","RJ[LOCATION(NE)]",""
"Row26612","MG[LOCATION(NE)]",""
"Row26707","Es[LOCATION(NE)]",""
"Row26783","SP[LOCATION(NE)]",""
"Row26865","SP[LOCATION(NE)]",""
"Row26895","rs[LOCATION(NE)]",""
"Row27028","PE[LOCATION(NE)]",""
"Row27092","PA[LOCATION(NE)]",""
"Row27279","rs[LOCATION(NE)]",""
"Row27416","to[LOCATION(NE)]",""
"Row27417","go[LOCATION(NE)]",""
"Row28007","RJ[LOCATION(NE)]",""
"Row28025","Se[LOCATION(NE)]",""
"Row28211","AP[LOCATION(NE)]",""
"Row28285","RJ[LOCATION(NE)]",""
"Row28403","RJ[LOCATION(NE)]",""
"Row28444","RJ[LOCATION(NE)]",""
"Row28479","Ba[LOCATION(NE)]",""
"Row28491","BA[LOCATION(NE)]",""
"Row28531","SP[LOCATION(NE)]",""
"Row28669","PR[LOCATION(NE)]",""
"Row28744","Se[LOCATION(NE)]",""
"Row28753","sp[LOCATION(NE)]",""
"Row28775","RS[LOCATION(NE)]",""
"Row28796","RJ[LOCATION(NE)]",""
"Row28824","SP[LOCATION(NE)]",""
"Row28864","SP[LOCATION(NE)]",""
"Row28918","RS[LOCATION(NE)]",""
"Row29021","GO[LOCATION(NE)]",""
"Row29394","ES[LOCATION(NE)]",""
"Row29684","RJ[LOCATION(NE)]",""
"Row29729","SP[LOCATION(NE)]",""
"Row29795","RJ[LOCATION(NE)]",""
"Row29887","Se[LOCATION(NE)]",""
"Row30005","Go[LOCATION(NE)]",""
"Row30006","go[LOCATION(NE)]",""
"Row30094","RS[LOCATION(NE)]",""
"Row30122","DF[LOCATION(NE)]",""
"Row30175","RS[LOCATION(NE)]",""
"Row30317","SP[LOCATION(NE)]",""
"Row30329","Se[LOCATION(NE)]",""
"Row30536","rj[LOCATION(NE)]",""
"Row30717","SP[LOCATION(NE)]",""
"Row30926","Rs[LOCATION(NE)]",""
"Row31124","se[LOCATION(NE)]",""
"Row31287","PA[LOCATION(NE)]",""
"Row31402","Go[LOCATION(NE)]",""
"Row31408","PR[LOCATION(NE)]",""
"Row31434","DF[LOCATION(NE)]",""
"Row31661","PA[LOCATION(NE)]",""
"Row31726","To[LOCATION(NE)]",""
"Row32059","PA[LOCATION(NE)]",""
"Row32209","PA[LOCATION(NE)]",""
"Row32278","RS[LOCATION(NE)]",""
"Row32450","PE[LOCATION(NE)]",""
"Row32524","PE[LOCATION(NE)]",""
"Row32568","RN[LOCATION(NE)]",""
"Row32676","RJ[LOCATION(NE)]",""
"Row32980","DF[LOCATION(NE)]",""
"Row33118","RS[LOCATION(NE)]",""
"Row33239","SP[LOCATION(NE)]",""
"Row33397","DF[LOCATION(NE)]",""
"Row33511","RS[LOCATION(NE)]",""
"Row33535","Ce[LOCATION(NE)]",""
"Row33640","sp[LOCATION(NE)]",""
"Row33755","AP[LOCATION(NE)]",""
"Row33907","PE[LOCATION(NE)]",""
"Row34177","rj[LOCATION(NE)]",""
"Row34247","BA[LOCATION(NE)]",""
"Row34444","Se[LOCATION(NE)]",""
"Row34660","MS[LOCATION(NE)]",""
"Row34795","PA[LOCATION(NE)]",""
"Row34904","PB[LOCATION(NE)]",""
"Row35079","PR[LOCATION(NE)]",""
"Row35342","SP[LOCATION(NE)]",""
"Row35827","PE[LOCATION(NE)]",""
"Row36288","BA[LOCATION(NE)]",""
"Row36396","RS[LOCATION(NE)]",""
"Row36718","SP[LOCATION(NE)]",""
"Row36831","RJ[LOCATION(NE)]",""
"Row37028","SP[LOCATION(NE)]",""
"Row37204","to[LOCATION(NE)]",""
"Row37296","PE[LOCATION(NE)]",""
"Row37467","RJ[LOCATION(NE)]",""
"Row37491","RS[LOCATION(NE)]",""
"Row37570","SC[LOCATION(NE)]",""
"Row37628","RS[LOCATION(NE)]",""
"Row37674","se[LOCATION(NE)]",""
"Row37879","AM[LOCATION(NE)]",""
